{"cameraMode":{"drawMode":0,"name":"Shaded","section":"Shading Mode"},"sceneLighting":false,"audioPlay":false,"sceneViewState":{"m_AlwaysRefresh":false,"showFog":true,"showSkybox":false,"showFlares":true,"showImageEffects":true,"showParticleSystems":true,"showVisualEffectGraphs":true,"m_FxEnabled":true},"in2DMode":false,"pivot":{"x":0.41935741901397707,"y":0.9388434886932373,"z":0.8558127880096436},"rotation":{"x":0.40177199244499209,"y":-0.04378347471356392,"z":0.019299698993563653,"w":0.9143784642219544},"size":2.0509417057037355,"orthographic":false}